,subject_id
0,100408
1,101006
2,101107
3,103515
4,104012
5,107018
6,107725
7,108323
8,111413
9,112516
10,114419
11,114924
12,115320
13,115825
14,116524
15,117324
16,117930
17,118528
18,118730
19,120111
20,121618
21,123117
22,123824
23,124624
24,124826
25,125525
26,126325
27,128127
28,128632
29,128935
30,129331
31,130316
32,130821
33,131217
34,131419
35,133827
36,134425
37,135528
38,137027
39,137633
40,137936
41,138231
42,138534
43,139233
44,140117
45,140824
46,140925
47,141826
48,144125
49,146331
50,146432
51,148335
52,149741
53,151627
54,151829
55,152831
56,153227
57,154532
58,154936
59,156031
60,156233
61,156637
62,157437
63,158136
64,159441
65,159744
66,160123
67,160729
68,161327
69,161630
70,162329
71,163129
72,163836
73,167036
74,168240
75,174437
76,175035
77,175439
78,176542
79,177241
80,178243
81,178748
82,179245
83,180129
84,180735
85,181131
86,181636
87,182436
88,183034
89,186141
90,187547
91,188347
92,188751
93,189450
94,191336
95,192035
96,192439
97,194140
98,195950
99,197550
100,198249
101,198653
102,199655
103,199958
104,201111
105,202719
106,203418
107,204420
108,204622
109,207426
110,209127
111,209834
112,209935
113,210415
114,211114
115,211417
116,211720
117,211922
118,212217
119,214221
120,217126
121,220721
122,224022
123,231928
124,237334
125,255639
126,256540
127,263436
128,268850
129,280739
130,285345
131,287248
132,293748
133,295146
134,298455
135,303119
136,308331
137,311320
138,320826
139,334635
140,346945
141,358144
142,361234
143,366042
144,381038
145,381543
146,382242
147,387959
148,389357
149,393247
150,395756
151,395958
152,406836
153,415837
154,433839
155,436845
156,441939
157,445543
158,459453
159,465852
160,510326
161,536647
162,552544
163,555348
164,555651
165,562446
166,565452
167,567961
168,568963
169,572045
170,579665
171,581349
172,585256
173,585862
174,588565
175,594156
176,598568
177,609143
178,620434
179,622236
180,627549
181,654350
182,654754
183,660951
184,664757
185,668361
186,679770
187,683256
188,704238
189,707749
190,729557
191,731140
192,734045
193,735148
194,749361
195,756055
196,759869
197,792867
198,802844
199,803240
200,810843
201,812746
202,818859
203,820745
204,837560
205,837964
206,849264
207,856766
208,857263
209,861456
210,867468
211,870861
212,882161
213,889579
214,894067
215,896778
216,898176
217,904044
218,907656
219,912447
220,919966
221,922854
222,951457
223,955465
224,958976
225,965771
226,966975
227,979984
228,990366
229,992774
230,100610
231,101915
232,103111
233,104416
234,105014
235,105115
236,105216
237,105620
238,105923
239,106016
240,106319
241,106521
242,107321
243,107422
244,108222
245,109123
246,111716
247,112112
248,114217
249,114823
250,117122
251,118225
252,120212
253,120515
254,121921
255,123420
256,126628
257,127327
258,127630
259,128026
260,129028
261,130619
262,130922
263,131823
264,131924
265,132017
266,133625
267,134223
268,134728
269,135730
270,137229
271,139637
272,139839
273,141422
274,144731
275,144832
276,146533
277,147030
278,148133
279,148436
280,148840
281,149236
282,149539
283,150726
284,150928
285,151728
286,153429
287,153631
288,153833
289,154229
290,155938
291,156435
292,156536
293,157336
294,158035
295,158338
296,158843
297,159138
298,161731
299,162733
300,163432
301,164030
302,164131
303,165638
304,166438
305,168745
306,170631
307,172029
308,172534
309,173334
310,173536
311,173637
312,175338
313,175742
314,176037
315,177645
316,178849
317,179346
318,180432
319,180937
320,182739
321,185139
322,185442
323,186444
324,187143
325,189349
326,191033
327,191942
328,192540
329,192843
330,194847
331,195445
332,196346
333,197348
334,198350
335,199453
336,200917
337,204319
338,205119
339,206222
340,208024
341,208125
342,209329
343,211215
344,212015
345,212419
346,214423
347,214726
348,223929
349,228434
350,245333
351,270332
352,285446
353,290136
354,299154
355,303624
356,305830
357,308129
358,309636
359,341834
360,346137
361,356948
362,361941
363,380036
364,385450
365,386250
366,393550
367,395251
368,397154
369,397760
370,432332
371,448347
372,479762
373,486759
374,500222
375,513736
376,519950
377,524135
378,529953
379,540436
380,553344
381,559053
382,561444
383,573451
384,576255
385,580044
386,580751
387,597869
388,601127
389,604537
390,611938
391,613538
392,616645
393,626648
394,627852
395,638049
396,645450
397,656253
398,656657
399,657659
400,663755
401,673455
402,677968
403,679568
404,690152
405,702133
406,705341
407,720337
408,724446
409,732243
410,737960
411,742549
412,749058
413,751348
414,761957
415,765056
416,769064
417,770352
418,771354
419,779370
420,782561
421,783462
422,784565
423,816653
424,825048
425,826353
426,826454
427,841349
428,843151
429,849971
430,856968
431,871964
432,873968
433,910241
434,910443
435,942658
436,947668
437,983773
438,984472
439,987983
440,991267
441,992673
442,993675
